Lið,Nafn,Lið,Leikir,Mörk,%,xG,+/-,Víti,V%,FiV,Sto,Sk.F,P%,S7m,TB,Sto/TB,Sk.F/TB,G/A,Frk,Stl,Blk,Stp,Gul,2m,Rau
IBV,Róbert Sigurðarson,ibv,16,0.4,100.0,0.26,+0.12,0.0,0,0.1,0.1,0.1,100.0,0.0,0.1,1.00,1.00,0.5,0.4,0.2,0.4,2.8,0.1,0.6,0.1
KA,Einar Rafn Eiðsson,ka,20,3.5,67.6,3.32,+0.13,2.1,84.0,0.3,1.5,2.5,61.2,0.4,1.2,1.30,2.13,5,0.1,0.1,0.0,0.1,0.0,0.0,0.0
FH,Jón Bjarni Ólafsson,fh,30,3.5,77.4,3.25,+0.28,0.0,0,0.8,0.2,0.3,71.4,0.0,1.3,0.13,0.18,3.7,0.2,0.4,0.3,1.3,0.1,0.5,0.0
KA,Daníel Matthíasson,ka,22,0.1,100.0,0.07,+0.02,0.0,0,0.0,0.0,0.0,0,0.0,0.1,0.00,0.00,0.1,0.5,0.4,0.1,5.3,0.3,0.4,0.0
IBV,Ísak Rafnsson,ibv,14,0.1,100.0,0.05,+0.02,0.0,0,0.0,0.0,0.0,0,0.0,0.1,0.00,0.00,0.1,0.0,0.1,1.4,0.7,0.0,0.1,0.1
Haukar,Ólafur Ægir Ólafsson,haukar,29,2.0,59.0,2.07,-0.03,0.0,0,0.7,1.9,2.7,70.9,0.2,1.2,1.56,2.19,3.9,0.1,0.2,0.2,1.2,0.0,0.3,0.1
Fram,Arnar Snær Magnússon,fram,23,0.9,75.0,0.88,+0.03,0.0,0,0.2,0.1,0.1,100.0,0.0,0.3,0.33,0.33,1,0.2,0.1,0.0,0.1,0.0,0.1,0.0
FH,Leonharð Þorgeir Harðarson,fh,23,0.8,46.2,0.91,-0.13,0.0,0,0.5,0.6,0.8,73.7,0.0,0.4,1.40,1.90,1.4,0.3,0.4,0.0,0.2,0.0,0.2,0.0
Haukar,Brynjólfur Snær Brynjólfsson,haukar,26,1.3,65.4,1.39,-0.08,0.0,0.0,0.0,0.2,0.3,66.7,0.0,0.1,2.00,3.00,1.5,0.3,0.1,0.0,0.2,0.0,0.1,0.0
Stjarnan,Sveinn Andri Sveinsson,stjarnan,3,0.7,66.7,0.76,-0.09,0.0,0,1.3,1.3,2.3,57.1,2.0,1.3,1.00,1.75,2,0.3,0.3,0.0,1.3,0.0,0.7,0.0
Afturelding,Árni Bragi Eyjólfsson,umfa,25,5.1,65.0,5.37,-0.25,1.4,69.4,0.5,4.0,5.4,73.5,0.7,1.4,2.86,3.89,9.1,0.8,0.8,0.0,1.8,0.1,0.5,0.0
IBV,Dagur Arnarsson,ibv,22,3.5,55.7,3.93,-0.39,1.5,73.9,0.7,2.9,4.1,70.3,0.9,1.7,1.73,2.46,6.4,0.2,0.5,0.1,1.2,0.0,0.2,0.0
Thor,Kári Kristján Kristjánsson,player_images\thor,19,2.3,67.7,2.39,-0.08,0.5,64.3,0.4,0.0,0.0,0,0.0,0.6,0.00,0.00,2.3,0.1,0.0,0.0,0.1,0.0,0.2,0.0
IBV,Daníel Þór Ingason,ibv,20,3.3,49.3,3.56,-0.26,0.0,0.0,0.4,2.3,3.1,75.0,0.2,1.3,1.80,2.40,5.6,0.3,0.6,0.5,4.0,0.2,0.5,0.0
FH,Birkir Benediktsson,fh,31,2.7,60.4,2.66,+0.05,0.0,0,0.6,2.2,3.1,71.1,0.3,1.6,1.38,1.94,4.9,0.4,0.3,0.2,3.1,0.1,0.3,0.0
HK,Jóhann Birgir Ingvarsson,hk,18,0.9,44.7,1.12,-0.17,0.1,100.0,0.0,0.6,0.9,66.7,0.0,0.4,1.43,2.14,1.5,0.1,0.1,0.0,0.7,0.0,0.2,0.0
FH,Halldór Ingi Jónasson,fh,7,0.0,0,0.00,0.00,0.0,0,0.0,0.0,0.0,0,0.0,0.0,0,0,0,0.1,0.0,0.0,0.0,0.0,0.0,0.0
Haukar,Adam Haukur Baumruk,haukar,25,1.0,61.5,0.88,+0.08,0.0,0,0.1,0.3,0.4,80.0,0.0,0.4,0.73,0.91,1.3,0.2,0.2,0.2,2.8,0.1,0.6,0.1
Fram,Þorsteinn Gauti Hjálmarsson,fram,9,2.1,40.4,2.59,-0.48,0.0,0,0.2,0.9,1.0,88.9,0.1,1.0,0.89,1.00,3,0.1,0.6,0.0,0.6,0.0,0.1,0.0
Fram,Lúðvík Thorberg B Arnkelsson,fram,9,1.2,57.9,1.02,+0.20,0.0,0,0.0,1.3,1.7,75.0,0.1,0.7,2.00,2.67,2.5,0.7,0.1,0.0,1.4,0.0,0.1,0.0
Valur,Þorgils Jón Svölu Baldursson,valur,32,2.4,71.6,2.44,-0.01,0.0,0,0.6,0.3,0.4,81.8,0.0,0.5,0.56,0.69,2.7,0.5,0.8,0.5,5.1,0.2,0.9,0.0
Haukar,Darri Aronsson,haukar,23,0.0,100.0,0.03,+0.01,0.0,0,0.0,0.0,0.0,0,0.0,0.0,0,0,0,0.0,0.2,0.3,2.0,0.1,0.6,0.0
Valur,Róbert Aron Hostert,valur,17,0.1,100.0,0.03,+0.02,0.0,0,0.1,0.1,0.1,100.0,0.0,0.0,0,0,0.2,0.0,0.2,0.1,1.4,0.0,0.4,0.0
Valur,Agnar Smári Jónsson,valur,25,0.5,48.1,0.48,+0.04,0.0,0,0.0,0.1,0.3,33.3,0.1,0.5,0.23,0.69,0.6,0.0,0.0,0.0,0.0,0.0,0.1,0.0
Stjarnan,Starri Friðriksson,stjarnan,22,1.9,63.1,2.15,-0.29,0.2,38.5,0.2,0.2,0.2,100.0,0.0,0.0,4.00,4.00,2.1,0.3,0.1,0.0,0.0,0.0,0.0,0.0
FH,Birgir Már Birgisson,fh,30,2.9,76.1,2.75,+0.12,0.0,0,0.1,0.4,0.6,70.6,0.0,0.3,1.33,1.89,3.3,0.7,0.9,0.1,2.9,0.2,0.4,0.0
FH,Ágúst Birgisson,fh,30,0.3,69.2,0.28,+0.02,0.0,0,0.0,0.0,0.0,0,0.0,0.1,0.33,0.33,0.3,0.3,0.1,0.6,2.2,0.0,0.6,0.1
IBV,Hákon Daði Styrmisson,ibv,7,6.6,67.6,6.95,-0.38,2.1,75.0,0.9,0.9,0.9,100.0,0.0,1.1,0.75,0.75,7.5,1.4,0.3,0.0,0.7,0.0,0.1,0.0
HK,Andri Þór Helgason,hk,24,4.1,65.8,4.23,-0.15,1.5,77.1,0.0,0.8,1.0,81.8,0.0,0.5,1.50,1.83,4.9,0.5,0.4,0.0,0.3,0.0,0.0,0.0
Stjarnan,Pétur Árni Hauksson,stjarnan,15,2.3,47.9,2.61,-0.28,0.0,0,0.6,3.0,4.7,63.4,0.6,2.7,1.13,1.78,5.3,0.5,0.9,0.1,2.8,0.0,0.5,0.0
Haukar,Hergeir Grímsson,haukar,28,2.9,62.1,3.07,-0.14,1.2,70.2,0.8,1.6,2.4,66.7,0.2,1.1,1.53,2.30,4.5,0.3,0.3,0.0,1.9,0.0,0.4,0.0
Fram,Magnús Öder Einarsson,fram,8,0.5,44.4,0.68,-0.18,0.0,0,0.0,0.4,0.8,50.0,0.0,0.5,0.75,1.50,0.9,0.6,0.9,1.1,3.8,0.1,0.9,0.1
Selfoss,Sverrir Pálsson,selfoss,16,0.0,0,0.00,0.00,0.0,0,0.0,0.0,0.0,0,0.0,0.0,0,0,0,0.1,0.3,0.6,1.7,0.1,0.5,0.0
FH,Jakob Martin Ásgeirsson,fh,32,1.3,67.8,1.19,+0.06,0.0,0,0.1,0.1,0.1,100.0,0.0,0.1,1.00,1.00,1.4,0.4,0.3,0.0,0.9,0.0,0.4,0.0
KA,Bjarni Ófeigur Valdimarsson,ka,24,7.2,60.9,7.30,-0.09,1.4,77.3,0.4,6.3,8.7,72.7,1.8,3.5,1.79,2.46,13.5,0.3,0.4,0.3,2.0,0.1,0.4,0.0
IR,Sveinn Brynjar Agnarsson,ir,21,2.7,66.7,2.62,+0.04,0.0,100.0,0.2,0.1,0.1,100.0,0.0,0.2,0.75,0.75,2.8,0.9,0.4,0.0,0.3,0.0,0.2,0.0
Valur,Arnór Snær Óskarsson,valur,24,8.4,70.9,8.68,-0.26,3.3,77.7,0.8,4.8,6.6,73.1,0.7,2.1,2.28,3.12,13.2,0.5,0.5,0.0,0.8,0.0,0.1,0.0
Valur,Magnús Óli Magnússon,valur,26,3.2,57.3,3.19,-0.03,0.2,75.0,0.5,2.3,3.3,69.3,0.3,1.5,1.53,2.20,5.5,0.2,0.8,0.1,1.5,0.0,0.2,0.0
Selfoss,Guðjón Baldur Ómarsson,selfoss,10,1.4,53.8,1.67,-0.27,0.0,0,0.1,0.2,0.3,66.7,0.0,0.0,0,0,1.6,0.5,0.1,0.0,0.1,0.0,0.1,0.0
HK,Leó Snær Pétursson,hk,19,2.9,62.5,3.04,-0.14,0.7,81.3,0.1,0.2,0.4,50.0,0.0,0.2,0.75,1.50,3.1,0.9,0.3,0.0,0.2,0.0,0.2,0.0
IR,Bjarki Steinn Þórisson,ir,12,0.3,37.5,0.47,-0.22,0.0,0,0.2,0.1,0.1,100.0,0.0,0.2,0.50,0.50,0.4,0.1,0.0,0.1,1.2,0.0,0.6,0.1
FH,Einar Örn Sindrason,fh,28,1.9,57.8,1.90,-0.04,0.2,83.3,0.3,1.7,2.4,70.6,0.1,1.2,1.45,2.06,3.6,0.1,0.1,0.0,0.1,0.0,0.1,0.0
IBV,Sveinn José Rivera,ibv,24,3.5,81.6,3.04,+0.46,0.0,0,1.1,0.0,0.0,0,0.0,0.3,0.13,0.25,3.5,0.3,0.1,0.1,0.3,0.0,0.0,0.0
Selfoss,Hannes Höskuldsson,selfoss,21,7.3,66.7,7.26,+0.08,2.4,73.5,0.3,0.1,0.1,100.0,0.0,0.8,0.13,0.13,7.4,0.5,0.4,0.1,1.4,0.1,0.1,0.0
KA,Arnór Ísak Haddsson,ka,23,2.3,62.7,2.34,-0.08,0.0,0,0.8,1.7,2.4,72.2,0.2,1.0,1.77,2.45,4,0.2,0.2,0.0,2.4,0.1,0.4,0.0
KA,Daði Jónsson,ka,21,0.3,60.0,0.27,+0.02,0.0,0,0.1,0.4,0.6,69.2,0.0,0.3,1.50,2.17,0.7,0.3,0.3,0.1,4.6,0.1,0.9,0.0
KA,Dagur Gautason,ka,11,3.6,76.9,3.32,+0.31,0.2,100.0,0.2,0.1,0.3,33.3,0.0,0.4,0.25,0.75,3.7,0.6,0.4,0.0,0.9,0.0,0.2,0.0
HK,Hjörtur Ingi Halldórsson,hk,24,2.3,51.4,2.20,+0.13,0.0,0,0.3,2.5,3.7,67.0,0.4,1.9,1.28,1.91,4.8,0.4,0.9,0.8,2.8,0.0,0.5,0.0
Thor,Arnór Þorri Þorsteinsson,player_images\thor,22,1.5,51.5,1.55,-0.01,0.1,66.7,0.1,0.5,1.0,52.2,0.1,0.8,0.67,1.28,2,0.3,0.1,0.0,0.9,0.0,0.4,0.0
KA,Patrekur Stefánsson,ka,18,1.1,52.8,1.18,-0.12,0.0,0,0.2,0.4,0.6,66.7,0.1,0.3,1.33,2.00,1.5,0.1,0.2,0.0,0.8,0.0,0.1,0.0
Thor,Brynjar Hólm Grétarsson,player_images\thor,22,5.5,57.3,5.38,+0.16,0.0,0,0.9,3.7,5.7,64.8,0.8,2.8,1.31,2.02,9.2,0.7,1.0,0.8,4.3,0.2,0.9,0.1
Thor,Hafþór Már Vignisson,player_images\thor,16,4.4,56.0,3.92,+0.46,0.0,0,1.3,5.6,8.1,69.0,0.6,2.4,2.34,3.39,10,0.8,0.3,0.1,1.5,0.1,0.2,0.0
Thor,Þórður Tandri Ágústsson,player_images\thor,21,3.3,66.7,3.69,-0.36,0.0,0,0.7,0.0,0.2,0.0,0.0,0.5,0.00,0.36,3.3,0.0,0.6,0.5,3.9,0.1,1.2,0.1
Fram,Ívar Logi Styrmisson,fram,23,5.3,68.0,5.26,0.00,2.3,83.1,0.6,1.0,1.6,62.9,0.2,1.0,0.96,1.52,6.3,0.4,0.4,0.0,0.6,0.0,0.2,0.0
IBV,Gabríel Martinez Róbertsson,ibv,4,2.5,76.9,2.07,+0.43,0.0,0,0.5,0.0,0.0,0,0.0,0.5,0.00,0.00,2.5,0.0,0.0,0.0,0.0,0.0,0.5,0.0
Valur,Viktor Sigurðsson,valur,18,3.7,53.2,3.70,-0.03,0.2,50.0,0.5,3.9,5.5,71.4,0.5,1.6,2.41,3.38,7.6,0.1,0.4,0.1,0.6,0.0,0.2,0.1
HK,Gunnar Dan Hlynsson,hk,14,0.2,75.0,0.22,0.00,0.0,0,0.1,0.0,0.0,0,0.0,0.0,0,0,0.2,0.0,0.1,0.0,0.1,0.0,0.1,0.0
IR,Elvar Otri Hjálmarsson,ir,22,2.0,49.4,1.84,+0.11,0.0,0,0.2,2.2,3.4,65.3,0.3,1.1,1.96,3.00,4.2,0.4,0.4,0.0,2.3,0.0,0.4,0.0
Afturelding,Þorvaldur Tryggvason,umfa,24,0.8,81.8,0.66,+0.09,0.0,0,0.3,0.3,0.5,60.0,0.0,0.1,3.00,5.00,1.1,0.2,0.5,0.5,4.2,0.1,0.6,0.0
IBV,Jakob Ingi Stefánsson,ibv,8,2.8,68.8,2.74,+0.01,0.0,0,0.0,0.1,0.1,100.0,0.0,0.1,1.00,1.00,2.9,0.5,0.3,0.0,0.0,0.3,0.3,0.0
Stjarnan,Tandri Már Konráðsson,stjarnan,3,0.3,14.3,1.33,-1.00,0.3,50.0,0.0,0.7,1.0,66.7,0.0,0.3,2.00,3.00,1,0.0,0.0,0.0,0.7,0.3,0.7,0.3
Afturelding,Ágúst Ingi Óskarsson,umfa,22,2.1,56.0,2.20,-0.06,0.0,0,0.9,1.1,2.0,55.6,0.2,1.5,0.76,1.36,3.2,0.3,0.7,0.1,3.0,0.2,0.8,0.0
HK,Kristján Pétur Barðason,hk,5,0.4,40.0,0.68,-0.28,0.0,0,0.0,0.0,0.0,0,0.0,0.2,0.00,0.00,0.4,0.0,0.2,0.0,0.0,0.0,0.0,0.0
FH,Símon Michael Guðjónsson,fh,31,4.6,72.4,4.54,+0.11,1.9,70.7,0.2,0.3,0.3,100.0,0.0,0.5,0.57,0.57,4.9,0.8,0.7,0.0,0.2,0.0,0.0,0.0
Afturelding,Kristján Ottó Hjálmsson,umfa,25,3.3,71.6,3.49,-0.17,0.0,100.0,0.5,0.0,0.0,0,0.0,0.8,0.05,0.10,3.3,0.2,0.0,0.0,0.8,0.0,0.4,0.0
Haukar,Jón Karl Einarsson,haukar,5,0.6,60.0,0.60,0.00,0.2,50.0,0.0,0.0,0.0,0,0.0,0.0,0,0,0.6,0.0,0.0,0.0,0.2,0.0,0.0,0.0
HK,Sigurður Jefferson Guarino,hk,24,4.6,76.6,4.60,+0.03,0.0,0,1.0,0.2,0.4,50.0,0.0,0.5,0.31,0.62,4.8,0.5,0.3,0.1,4.7,0.1,0.3,0.0
HK,Styrmir Máni Arnarsson,hk,23,0.0,50.0,0.07,-0.02,0.0,0,0.0,0.1,0.1,100.0,0.0,0.0,0,0,0.1,0.1,0.7,0.7,4.3,0.1,0.9,0.1
Stjarnan,Daníel Karl Gunnarsson,stjarnan,19,2.2,71.9,2.16,0.00,0.0,0,0.4,0.3,0.3,100.0,0.0,0.1,5.00,5.00,2.5,0.3,0.5,0.1,0.4,0.1,0.2,0.0
Stjarnan,Gauti Gunnarsson,stjarnan,16,3.1,63.6,3.43,-0.37,0.4,46.2,0.3,0.4,0.4,100.0,0.1,0.9,0.47,0.47,3.5,0.4,0.3,0.0,0.3,0.1,0.1,0.0
Valur,Kristófer Máni Jónasson,valur,33,2.0,64.4,1.92,+0.05,0.5,80.0,0.2,0.4,0.6,70.6,0.0,0.3,1.20,1.70,2.4,0.2,0.3,0.0,0.4,0.1,0.2,0.0
Stjarnan,Jóel Bernburg,stjarnan,21,2.6,75.0,2.39,+0.18,0.0,0,0.4,0.0,0.0,0,0.0,1.0,0.05,0.10,2.6,0.1,0.1,0.0,0.9,0.0,0.3,0.0
Selfoss,Sölvi Svavarsson,selfoss,19,2.7,58.4,2.51,+0.22,0.0,0,0.3,3.5,5.6,62.3,0.2,2.2,1.57,2.52,6.2,0.3,0.5,0.1,1.4,0.1,0.2,0.0
Selfoss,Elvar Elí Hallgrímsson,selfoss,21,1.6,78.6,1.64,-0.06,0.0,0,0.3,0.1,0.3,42.9,0.0,0.3,0.50,1.17,1.7,0.3,0.0,0.4,2.9,0.0,0.6,0.0
IBV,Sigtryggur Daði Rúnarsson,ibv,16,2.6,55.4,2.89,-0.33,0.5,72.7,0.4,1.1,1.9,58.6,0.2,0.9,1.21,2.07,3.7,0.3,0.4,0.1,0.9,0.1,0.3,0.1
Stjarnan,Ólafur Brim Stefánsson,stjarnan,14,0.9,66.7,0.67,+0.19,0.0,0,0.1,0.2,0.6,37.5,0.1,0.4,0.50,1.33,1.1,0.2,0.4,0.1,1.1,0.0,0.2,0.0
Thor,Aron Hólm Kristjánsson,player_images\thor,17,1.6,52.9,2.01,-0.43,0.1,33.3,0.3,1.2,2.0,60.6,0.1,2.1,0.57,0.94,2.8,0.7,0.7,0.0,0.9,0.0,0.0,0.0
Haukar,Þráinn Orri Jónsson,haukar,29,1.2,68.6,1.34,-0.13,0.0,0,0.3,0.2,0.3,77.8,0.0,0.4,0.58,0.75,1.4,0.1,0.2,0.3,1.5,0.1,0.6,0.1
IR,Bergþór Róbertsson,ir,12,0.3,75.0,0.22,+0.04,0.0,0,0.0,0.0,0.1,0.0,0.0,0.1,0.00,1.00,0.3,0.0,0.0,0.0,0.0,0.0,0.0,0.0
Thor,Oddur Grétarsson,player_images\thor,22,4.5,63.6,4.20,+0.26,1.8,65.0,0.7,2.1,3.1,67.1,0.4,1.4,1.57,2.33,6.6,0.8,0.8,0.1,2.4,0.1,0.7,0.0
Fram,Tindur Ingólfsson,fram,10,0.8,57.1,0.79,+0.01,0.0,0,0.3,0.3,0.5,60.0,0.2,0.3,1.00,1.67,1.1,0.1,0.3,0.1,0.5,0.0,0.2,0.0
IBV,Nökkvi Snær Óðinsson,ibv,20,0.8,55.2,0.87,-0.07,0.0,0,0.0,0.1,0.1,100.0,0.0,0.0,0,0,0.9,0.4,0.2,0.0,0.1,0.0,0.1,0.0
Thor,Hafþór Ingi Halldórsson,player_images\thor,8,0.1,33.3,0.21,-0.08,0.0,0,0.0,0.0,0.0,0,0.0,0.0,0,0,0.1,0.4,0.0,0.1,1.5,0.0,0.1,0.0
Valur,Andri Finnsson,valur,32,3.6,70.6,3.59,+0.01,0.1,66.7,0.3,0.1,0.1,66.7,0.0,0.1,1.00,1.50,3.7,0.2,0.4,0.1,0.3,0.0,0.2,0.0
HK,Tómas Sigurðarson,hk,22,1.1,69.4,1.19,-0.05,0.0,0,0.2,0.0,0.0,0,0.0,0.0,0.00,1.00,1.1,0.0,0.2,0.0,0.1,0.0,0.1,0.0
Stjarnan,Loftur Ásmundsson,stjarnan,22,0.6,93.3,0.51,+0.12,0.0,0,0.1,0.4,0.4,100.0,0.0,0.2,2.00,2.00,1,0.3,0.3,0.1,2.7,0.0,0.5,0.0
IR,Róbert Snær Örvarsson,ir,22,2.7,53.6,2.56,+0.16,0.0,0,0.2,1.1,1.5,73.5,0.2,0.7,1.56,2.13,3.8,0.8,0.9,0.4,3.3,0.0,0.5,0.1
Haukar,Arnór Róbertsson,haukar,19,0.4,63.6,0.42,-0.05,0.0,0,0.1,0.0,0.0,0,0.0,0.0,0,0,0.4,0.0,0.0,0.0,0.0,0.0,0.0,0.0
Thor,Hákon Ingi Halldórsson,player_images\thor,21,2.9,63.5,2.89,+0.01,0.3,100.0,0.0,0.2,0.2,80.0,0.0,0.1,2.00,2.50,3.1,0.9,0.5,0.0,1.0,0.0,0.3,0.0
Afturelding,Haraldur Björn Hjörleifsson,umfa,11,0.1,50.0,0.08,+0.01,0.0,0,0.0,0.1,0.1,100.0,0.0,0.1,1.00,1.00,0.2,0.0,0.0,0.3,0.8,0.0,0.0,0.0
Stjarnan,Dagur Logi Sigurðsson,stjarnan,4,0.5,33.3,0.69,-0.19,0.0,0,0.0,0.3,0.3,100.0,0.0,0.5,0.50,0.50,0.8,0.0,0.0,0.0,0.5,0.0,0.0,0.0
Stjarnan,Jón Ásgeir Eyjólfsson,stjarnan,15,1.7,74.3,1.53,+0.21,0.0,0,0.4,0.3,0.4,80.0,0.0,0.3,1.00,1.25,2,0.5,0.5,0.4,4.5,0.2,0.6,0.1
Stjarnan,Hans Jörgen Ólafsson,stjarnan,21,5.2,53.7,5.11,+0.08,0.0,0,0.3,3.0,4.0,75.3,0.3,1.7,1.78,2.36,8.2,0.4,0.2,0.2,3.4,0.1,0.6,0.0
IR,Óðinn Freyr Heiðmarsson,ir,13,0.6,47.1,0.91,-0.29,0.0,0,0.3,0.1,0.1,100.0,0.0,0.5,0.17,0.17,0.7,0.2,0.5,0.2,1.5,0.2,0.6,0.1
Fram,Kjartan Þór Júlíusson,fram,21,2.6,55.1,2.59,-0.01,0.0,0,0.3,1.8,2.7,66.7,0.1,1.2,1.52,2.28,4.4,0.3,0.6,0.0,1.2,0.0,0.1,0.0
Haukar,Andri Fannar Elísson,haukar,28,2.5,65.1,2.69,-0.16,0.5,72.2,0.1,0.1,0.1,100.0,0.0,0.1,1.00,1.00,2.6,0.5,0.3,0.0,0.1,0.0,0.2,0.0
Haukar,Össur Haraldsson,haukar,28,3.6,76.3,3.29,+0.28,0.1,50.0,0.4,0.3,0.4,72.7,0.1,0.4,0.73,1.00,3.9,0.3,0.7,0.0,0.6,0.0,0.1,0.0
IBV,Kristófer Ísak Bárðarson,ibv,22,1.9,48.3,1.74,+0.17,0.0,0,0.4,0.4,0.6,64.3,0.1,0.8,0.53,0.82,2.3,0.1,0.0,0.4,1.8,0.1,0.6,0.1
HK,Haukur Ingi Hauksson,hk,24,5.4,50.2,5.37,0.00,0.0,50.0,0.7,2.5,3.7,67.4,0.5,2.6,0.97,1.44,7.9,0.3,0.5,0.0,2.3,0.0,0.3,0.0
Haukar,Jón Ómar Gíslason,haukar,29,1.0,65.9,1.16,-0.16,0.1,40.0,0.3,0.2,0.2,100.0,0.1,0.4,0.58,0.58,1.2,0.3,0.1,0.1,0.3,0.0,0.2,0.0
IBV,Hinrik Hugi Heiðarsson,ibv,19,0.7,81.3,0.54,+0.15,0.0,0,0.2,0.0,0.0,0,0.0,0.3,0.00,0.00,0.7,0.0,0.0,0.0,0.1,0.0,0.0,0.0
IR,Eyþór Ari Waage,ir,22,2.2,71.0,2.08,+0.15,0.0,0,0.0,0.0,0.0,0,0.0,0.1,0.00,0.00,2.2,0.4,0.1,0.0,0.0,0.0,0.0,0.0
Selfoss,Haukur Páll Hallgrímsson,selfoss,19,1.7,60.0,1.71,+0.03,0.0,0,0.6,1.8,2.6,69.4,0.1,1.5,1.17,1.69,3.5,0.3,0.1,0.0,0.2,0.0,0.2,0.0
Selfoss,Tryggvi Sigurberg Traustason,selfoss,22,3.8,62.4,3.52,+0.25,0.6,87.5,0.7,4.6,6.7,68.5,0.5,3.5,1.34,1.96,8.4,0.3,0.3,0.1,1.7,0.0,0.1,0.0
Haukar,Sigurður Snær Sigurjónsson,haukar,29,1.8,72.9,1.70,+0.06,0.0,0.0,0.1,0.1,0.2,50.0,0.0,0.1,1.00,2.00,1.9,0.2,0.3,0.0,0.1,0.0,0.0,0.0
Selfoss,Árni Ísleifsson,selfoss,20,0.5,58.8,0.57,-0.07,0.0,0,0.0,0.1,0.1,100.0,0.0,0.1,0.50,0.50,0.6,0.1,0.1,0.0,0.1,0.0,0.0,0.0
Selfoss,Valdimar Örn Ingvarsson,selfoss,22,1.8,69.6,1.90,-0.13,0.0,0,0.5,0.1,0.1,100.0,0.0,0.4,0.33,0.33,1.9,0.2,0.2,0.4,3.7,0.1,1.0,0.1
FH,Gunnar Kári Bragason,fh,33,2.1,80.2,1.93,+0.16,0.0,0,0.3,0.0,0.0,0,0.0,0.4,0.08,0.17,2.1,0.1,0.1,0.3,2.0,0.1,0.3,0.0
Thor,Halldór Kristinn Harðarson,player_images\thor,22,1.1,59.5,1.25,-0.11,0.0,33.3,0.0,0.0,0.0,0,0.0,0.2,0.25,0.25,1.1,0.3,0.0,0.0,0.2,0.0,0.2,0.0
Thor,Jón Ólafur Þorsteinsson,player_images\thor,20,0.2,40.0,0.28,-0.08,0.0,0,0.1,0.2,0.4,50.0,0.0,0.5,0.33,0.67,0.4,0.0,0.0,0.0,0.3,0.0,0.0,0.0
Fram,Erlendur Guðmundsson,fram,24,1.9,71.9,1.84,+0.07,0.0,0,0.3,0.4,0.4,100.0,0.0,0.4,1.00,1.00,2.3,0.4,0.7,0.8,1.6,0.2,0.5,0.1
Fram,Dagur Fannar Möller,fram,24,1.9,76.3,1.77,+0.11,0.0,0,0.5,0.1,0.2,50.0,0.0,0.3,0.33,0.67,2,0.5,0.6,0.5,5.5,0.2,0.9,0.1
Stjarnan,Ísak Logi Einarsson,stjarnan,16,3.8,50.4,3.77,+0.04,0.0,0.0,0.3,1.9,2.7,72.1,0.4,1.5,1.29,1.79,5.7,0.1,0.0,0.0,0.1,0.0,0.1,0.0
Valur,Þorvaldur Örn Þorvaldsson,valur,30,1.5,70.3,1.56,-0.06,0.0,0,0.1,0.2,0.2,85.7,0.0,0.5,0.43,0.50,1.7,0.2,0.3,0.4,2.8,0.1,0.5,0.0
IBV,Garðar Benedikt Sigurjónsson,ibv,7,0.3,50.0,0.38,-0.09,0.0,0,0.0,0.0,0.0,0,0.0,0.1,0.00,0.00,0.3,0.1,0.0,0.0,1.6,0.1,0.3,0.0
Valur,Dagur Leó Fannarsson,valur,32,0.8,50.9,0.91,-0.07,0.0,0,0.1,1.2,1.4,84.8,0.1,0.6,2.05,2.42,2,0.3,0.6,0.2,2.3,0.1,0.2,0.0
Fram,Rúnar Kárason,fram,18,3.9,51.8,3.87,+0.08,0.0,0,0.1,1.3,2.0,66.7,0.2,1.3,1.00,1.50,5.2,0.3,0.3,0.1,0.8,0.0,0.0,0.0
Stjarnan,Benedikt Marinó Herdísarson,stjarnan,21,4.2,61.1,4.38,-0.19,1.6,73.9,0.8,2.7,3.8,70.9,0.2,2.4,1.12,1.58,6.9,0.4,0.1,0.0,2.2,0.1,0.1,0.0
KA,Jóhann Geir Sævarsson,ka,21,0.3,50.0,0.35,-0.02,0.0,100.0,0.0,0.0,0.0,0,0.0,0.0,0.00,1.00,0.3,0.0,0.0,0.0,0.0,0.0,0.0,0.0
KA,Einar Birgir Stefánsson,ka,26,3.0,67.8,3.21,-0.21,0.0,0,1.2,0.4,0.6,68.8,0.0,0.5,0.85,1.23,3.4,0.6,0.5,0.8,3.7,0.0,0.7,0.0
Stjarnan,Atli Hrafn Bernburg,stjarnan,6,1.2,63.6,1.06,+0.11,0.0,0,0.2,0.3,0.3,100.0,0.0,0.3,1.00,1.00,1.5,0.0,0.2,0.0,0.2,0.0,0.0,0.0
HK,Örn Alexandersson,hk,23,1.7,51.9,1.69,+0.05,0.0,0,0.1,0.6,0.9,66.7,0.0,0.6,1.00,1.50,2.3,0.2,0.3,0.1,2.3,0.1,0.3,0.0
HK,Ingibert Snær Erlingsson,hk,24,0.1,40.0,0.15,-0.07,0.0,0,0.0,0.0,0.0,0,0.0,0.0,0.00,0.00,0.1,0.0,0.0,0.0,0.0,0.0,0.0,0.0
Haukar,Skarphéðinn Ívar Einarsson,haukar,27,4.8,57.5,5.05,-0.23,0.6,80.0,0.7,2.3,3.0,75.6,0.6,1.3,1.77,2.34,7.1,0.2,0.2,0.3,4.0,0.1,0.5,0.0
IBV,Andrés Marel Sigurðsson,ibv,4,0.0,0,0.00,0.00,0.0,0,0.0,0.0,0.0,0,0.0,0.0,0,0,0,0.0,0.0,0.0,0.0,0.0,0.0,0.0
Haukar,Birkir Snær Steinsson,haukar,29,3.1,59.5,2.96,+0.17,0.0,0,0.2,1.3,1.9,67.3,0.1,1.0,1.32,1.96,4.4,0.1,0.1,0.0,1.3,0.0,0.2,0.0
Valur,Daníel Örn Guðmundsson,valur,32,0.9,66.7,0.97,-0.10,0.0,0,0.0,0.1,0.1,100.0,0.0,0.1,1.00,1.00,1,0.1,0.2,0.0,0.1,0.0,0.1,0.0
KA,Logi Gautason,ka,27,2.0,62.5,2.05,-0.01,0.0,0,0.1,0.1,0.1,80.0,0.0,0.4,0.33,0.42,2.1,0.7,0.4,0.0,0.6,0.0,0.3,0.0
Valur,Dagur Árni Heimisson,valur,16,3.4,56.8,3.36,+0.02,0.6,64.3,0.7,2.0,3.1,65.3,0.3,1.3,1.60,2.45,5.4,0.3,0.3,0.0,0.9,0.1,0.4,0.0
Selfoss,Jason Dagur Þórisson,selfoss,22,2.1,52.3,2.17,-0.08,0.0,0,0.0,0.1,0.2,50.0,0.0,0.3,0.33,0.67,2.2,0.4,0.0,0.0,0.2,0.0,0.0,0.0
Stjarnan,Patrekur Þór Guðmundsson Öfjörð,stjarnan,22,0.8,56.3,0.85,-0.03,0.0,50.0,0.0,0.0,0.0,0,0.0,0.1,0.00,0.00,0.8,0.1,0.2,0.0,0.0,0.0,0.0,0.0
Fram,Daníel Stefán Reynisson,fram,11,0.2,40.0,0.33,-0.15,0.0,0,0.0,0.2,0.3,66.7,0.1,0.1,2.00,3.00,0.4,0.3,0.1,0.0,1.2,0.0,0.3,0.0
Fram,Theodór Sigurðsson,fram,20,1.5,73.2,1.37,+0.13,0.4,70.0,0.0,0.2,0.3,80.0,0.0,0.2,1.33,1.67,1.7,0.1,0.1,0.0,0.0,0.0,0.1,0.0
Fram,Arnþór Sævarsson,fram,20,1.2,56.1,1.13,+0.02,0.0,0,0.3,0.9,1.4,66.7,0.1,1.2,0.75,1.13,2.1,0.6,0.8,0.0,1.5,0.0,0.2,0.0
Fram,Eiður Rafn Valsson,fram,24,2.6,65.6,2.68,-0.06,0.0,0,0.1,0.2,0.2,80.0,0.0,0.3,0.57,0.71,2.8,0.7,0.5,0.0,0.1,0.0,0.2,0.0
Thor,Arnviður Bragi Pálmason,player_images\thor,22,0.0,25.0,0.12,-0.07,0.0,0,0.0,0.0,0.0,0,0.0,0.0,0.00,0.00,0,0.0,0.1,0.0,1.0,0.0,0.3,0.0
IR,Matthías Ingi Magnússon,ir,15,0.2,100.0,0.13,+0.07,0.0,0,0.2,0.1,0.2,50.0,0.0,0.3,0.25,0.50,0.3,0.0,0.1,0.0,0.0,0.0,0.0,0.0
Thor,Sigurður Ringsted Sigurðsson,player_images\thor,20,0.3,60.0,0.32,-0.02,0.0,0,0.0,0.1,0.1,100.0,0.0,0.1,1.00,1.00,0.4,0.1,0.2,0.0,1.0,0.0,0.3,0.0
FH,Róbert Dagur Davíðsson,fh,4,0.0,0,0.00,0.00,0.0,0,0.0,0.0,0.0,0,0.0,0.0,0,0,0,0.3,0.0,0.0,0.0,0.0,0.0,0.0
Selfoss,Anton Breki Hjaltason,selfoss,21,2.7,55.4,3.04,-0.37,0.0,0,0.3,1.1,1.7,66.7,0.2,1.0,1.14,1.71,3.8,0.2,0.2,0.0,0.7,0.0,0.1,0.0
Afturelding,Ihor Kopyshynskyi,umfa,24,4.9,71.5,5.07,-0.15,1.3,77.5,0.3,0.2,0.2,83.3,0.0,0.4,0.56,0.67,5.1,1.0,0.7,0.0,0.3,0.0,0.1,0.0
Stjarnan,Húgó Máni Ólafsson,stjarnan,1,0.0,0,0.00,0.00,0.0,0,0.0,0.0,0.0,0,0.0,0.0,0,0,0,0.0,0.0,0.0,0.0,0.0,0.0,0.0
IBV,Ívar Bessi Viðarsson,ibv,21,1.2,58.1,1.26,-0.07,0.0,0,0.0,0.4,0.4,88.9,0.0,0.5,0.73,0.82,1.6,0.3,0.8,0.2,2.0,0.0,0.7,0.0
KA,Ari Valur Atlason,ka,14,0.0,0.0,0.03,-0.03,0.0,0,0.0,0.1,0.1,100.0,0.0,0.0,0,0,0.1,0.1,0.0,0.0,0.1,0.0,0.0,0.0
KA,Magnús Dagur Jónatansson,ka,27,2.2,53.6,2.42,-0.23,0.0,0,0.5,2.0,3.1,64.0,0.4,1.9,1.10,1.72,4.2,0.0,0.0,0.0,0.4,0.0,0.1,0.0
KA,Jens Bragi Bergþórsson,ka,27,2.7,77.9,2.54,+0.21,0.0,0,0.6,0.1,0.2,42.9,0.0,0.9,0.13,0.30,2.8,0.2,0.3,0.1,1.3,0.0,0.4,0.0
Haukar,Ásgeir Bragi Bryde Þórðarson,haukar,9,0.2,100.0,0.12,+0.10,0.0,0,0.1,0.0,0.0,0,0.0,0.0,0,0,0.2,0.0,0.1,0.0,0.0,0.0,0.0,0.0
Fram,Sigurður Bjarki Jónsson,fram,7,0.4,75.0,0.42,+0.01,0.0,0,0.1,0.1,0.1,100.0,0.0,0.0,0,0,0.5,0.0,0.0,0.1,0.4,0.0,0.0,0.0
HK,Ágúst Guðmundsson,hk,24,5.3,51.8,5.38,-0.09,0.3,63.6,0.5,3.7,5.3,70.1,0.7,2.0,1.89,2.70,9,0.3,0.3,0.0,0.8,0.1,0.3,0.0
Selfoss,Jónas Karl Gunnlaugsson,selfoss,20,1.3,57.8,1.26,+0.04,0.0,0,0.6,1.7,2.6,64.7,0.3,1.5,1.14,1.76,3,0.2,0.1,0.0,0.3,0.0,0.1,0.0
Afturelding,Daníel Bæring Grétarsson,umfa,25,0.1,40.0,0.14,-0.06,0.0,0,0.0,0.0,0.0,0,0.0,0.1,0.50,0.50,0.1,0.0,0.2,0.2,1.2,0.0,0.2,0.0
Afturelding,Haukur Guðmundsson,umfa,15,0.6,52.9,0.70,-0.10,0.0,0,0.0,0.0,0.0,0,0.0,0.0,0,0,0.6,0.0,0.2,0.0,0.1,0.0,0.1,0.0
Afturelding,Stefán Magni Hjartarson,umfa,17,1.7,63.0,1.65,+0.06,0.0,0,0.3,0.0,0.0,0,0.0,0.3,0.00,0.00,1.7,0.3,0.1,0.0,0.2,0.1,0.1,0.1
HK,Aron Dagur Pálsson,hk,9,0.6,45.5,0.44,+0.12,0.0,0,0.1,1.2,2.0,61.1,0.0,1.2,1.00,1.64,1.8,0.0,0.2,0.0,0.2,0.0,0.2,0.0
FH,Þórir Ingi Þorsteinsson,fh,7,2.3,64.0,2.23,+0.06,0.0,0,0.3,0.1,0.1,100.0,0.3,1.0,0.14,0.14,2.4,0.7,0.3,0.0,0.4,0.0,0.4,0.0
IBV,Andri Erlingsson,ibv,20,5.5,63.6,5.17,+0.33,0.0,0.0,0.6,4.0,5.3,75.2,1.1,2.2,1.84,2.44,9.5,0.5,0.6,0.0,1.3,0.2,0.4,0.0
Selfoss,Guðjón Óli Ósvaldsson,selfoss,11,0.6,63.6,0.60,+0.04,0.0,0,0.1,0.0,0.0,0,0.0,0.4,0.00,0.00,0.6,0.0,0.0,0.0,0.0,0.0,0.2,0.0
Selfoss,Skarphéðinn Steinn Sveinsson,selfoss,1,0.0,0,0.00,0.00,0.0,0,0.0,0.0,0.0,0,0.0,0.0,0,0,0,0.0,0.0,0.0,0.0,0.0,0.0,0.0
Selfoss,Dagur Rafn Gíslason,selfoss,5,0.2,100.0,0.09,+0.11,0.0,0,0.0,0.0,0.2,0.0,0.0,0.4,0.00,0.50,0.2,0.2,0.2,0.0,0.2,0.0,0.0,0.0
Selfoss,Hákon Garri Gestsson,selfoss,19,2.7,52.6,2.75,-0.07,0.2,75.0,0.2,1.1,1.5,72.4,0.0,0.8,1.31,1.81,3.8,0.2,0.3,0.0,0.4,0.1,0.2,0.0
Selfoss,Dagbjartur Máni Björnsson,selfoss,2,0.0,0,0.00,0.00,0.0,0,0.0,0.0,0.0,0,0.0,0.0,0,0,0,0.0,0.0,0.0,0.0,0.0,0.0,0.0
IBV,Egill Oddgeir Stefánsson,ibv,17,0.6,71.4,0.51,+0.08,0.0,0,0.0,0.5,0.7,72.7,0.0,0.5,0.89,1.22,1.1,0.2,0.0,0.0,0.4,0.0,0.1,0.0
IBV,Andri Magnússon,ibv,6,1.0,54.5,1.17,-0.17,0.0,0,0.0,0.0,0.0,0,0.0,0.0,0,0,1,0.0,0.3,0.0,0.3,0.0,0.0,0.0
IBV,Elís Þór Aðalsteinsson,ibv,17,6.5,65.7,5.98,+0.55,1.6,79.4,1.5,4.1,5.5,74.2,0.6,2.2,1.86,2.51,10.6,0.4,0.6,0.0,2.1,0.0,0.4,0.0
IBV,Haukur Leó Magnússon,ibv,18,0.7,59.1,0.79,-0.06,0.0,0,0.0,0.0,0.0,0,0.0,0.0,0,0,0.7,0.2,0.1,0.1,1.7,0.1,0.3,0.1
Fram,Dánjal Ragnarsson,fram,19,4.1,52.3,4.29,-0.19,0.2,75.0,0.4,2.1,2.8,73.6,0.4,1.5,1.34,1.83,6.2,0.2,0.4,0.1,1.2,0.1,0.2,0.0
IBV,Anton Frans Sigurðsson,ibv,23,2.0,63.4,1.94,+0.02,0.0,0.0,0.0,0.0,0.0,0,0.0,0.2,0.00,0.00,2,0.7,0.3,0.0,0.4,0.1,0.1,0.0
IBV,Heimir Halldór Sigurjónsson,ibv,5,0.4,100.0,0.28,+0.12,0.2,100.0,0.0,0.4,0.4,100.0,0.0,0.2,2.00,2.00,0.8,0.0,0.0,0.0,0.2,0.0,0.0,0.0
IBV,Tómas Runi Gunnarsson,ibv,2,0.0,0,0.00,0.00,0.0,0,0.0,0.0,0.0,0,0.0,0.0,0,0,0,0.0,0.0,0.0,0.0,0.0,0.0,0.0
Selfoss,Ragnar Hilmarsson,selfoss,1,0.0,0,0.00,0.00,0.0,0,0.0,0.0,0.0,0,0.0,0.0,0,0,0,0.0,0.0,0.0,0.0,0.0,0.0,0.0
Valur,Daníel Montoro,valur,32,1.9,73.8,1.81,+0.13,0.0,0,0.2,0.1,0.1,75.0,0.0,0.3,0.38,0.50,2,0.1,0.4,0.0,0.1,0.0,0.2,0.0
Haukar,Daníel Máni Sigurgeirsson,haukar,2,0.0,0,0.00,0.00,0.0,0,0.0,0.0,0.0,0,0.0,0.0,0,0,0,0.0,0.0,0.0,0.0,0.0,0.0,0.0
Haukar,Egill Jónsson,haukar,5,0.2,33.3,0.40,-0.20,0.2,100.0,0.0,0.0,0.0,0,0.2,0.0,0,0,0.2,0.0,0.2,0.0,0.0,0.0,0.0,0.0
Haukar,Freyr Aronsson,haukar,28,6.4,66.2,6.37,+0.06,1.4,71.7,1.6,3.8,5.6,68.4,0.5,2.3,1.66,2.42,10.2,0.3,0.7,0.1,4.1,0.1,0.3,0.0
Haukar,Helgi Marinó Kristófersson,haukar,2,0.0,0.0,0.23,-0.23,0.0,0,0.0,0.0,0.0,0,0.0,0.0,0,0,0,0.0,0.0,0.0,0.5,0.0,0.0,0.0
Haukar,Sigurður Bjarmi Árnason,haukar,1,0.0,0,0.00,0.00,0.0,0,0.0,0.0,0.0,0,0.0,0.0,0,0,0,0.0,0.0,0.0,0.0,0.0,0.0,0.0
Fram,Max Emil Stenlund,fram,22,2.6,55.2,2.42,+0.22,0.0,0,0.2,0.9,1.2,76.0,0.1,0.4,2.11,2.78,3.5,0.2,0.2,0.0,0.7,0.0,0.0,0.0
Fram,Marel Baldvinsson,fram,2,3.5,43.8,4.90,-1.40,0.0,0,0.5,4.0,5.5,72.7,1.0,2.5,1.60,2.20,7.5,0.0,1.0,0.0,4.0,0.0,1.0,0.0
HK,Elmar Franz Ólafsson,hk,1,0.0,0,0.00,0.00,0.0,0,0.0,0.0,0.0,0,0.0,0.0,0,0,0,0.0,0.0,0.0,0.0,0.0,0.0,0.0
KA,Atli Róbert Haddsson,ka,2,0.0,0,0.00,0.00,0.0,0,0.0,0.0,0.0,0,0.0,0.0,0,0,0,0.0,0.0,0.0,0.0,0.0,0.0,0.0
KA,Eyþór Nói Tryggvason,ka,2,0.0,0,0.00,0.00,0.0,0,0.0,0.0,0.0,0,0.0,0.0,0,0,0,0.0,0.0,0.0,0.0,0.0,0.0,0.0
Stjarnan,Gunnar Dagur Bjarnason,stjarnan,1,0.0,0,0.00,0.00,0.0,0,0.0,0.0,0.0,0,0.0,0.0,0,0,0,0.0,0.0,0.0,0.0,0.0,0.0,0.0
Stjarnan,Viktor Breki Róbertsson,stjarnan,2,0.0,0,0.00,0.00,0.0,0,0.0,0.0,0.0,0,0.0,0.0,0,0,0,0.0,0.0,0.0,0.0,0.0,0.0,0.0
Stjarnan,Dagur Máni Siggeirsson,stjarnan,8,0.1,25.0,0.23,-0.11,0.0,0,0.0,0.0,0.0,0,0.0,0.0,0,0,0.1,0.0,0.0,0.0,0.1,0.0,0.0,0.0
Stjarnan,Matthías Dagur Þorsteinsson,stjarnan,15,0.1,12.5,0.29,-0.23,0.0,0,0.1,0.0,0.0,0,0.0,0.1,0.00,0.00,0.1,0.0,0.0,0.0,0.4,0.0,0.0,0.0
HK,Patrekur Jónas Tómasson,hk,1,0.0,0,0.00,0.00,0.0,0,0.0,0.0,0.0,0,0.0,0.0,0,0,0,0.0,0.0,0.0,0.0,0.0,0.0,0.0
HK,Bjarki Freyr Sindrason,hk,1,0.0,0,0.00,0.00,0.0,0,0.0,0.0,0.0,0,0.0,0.0,0,0,0,0.0,0.0,0.0,0.0,0.0,0.0,0.0
Afturelding,Leó Halldórsson,umfa,11,0.5,66.7,0.57,-0.02,0.0,0,0.0,0.0,0.0,0,0.0,0.1,0.00,0.00,0.5,0.0,0.2,0.0,0.1,0.0,0.1,0.0
Afturelding,Ævar Smári Gunnarsson,umfa,22,2.7,48.0,2.81,-0.12,0.0,0,0.2,1.2,1.6,75.0,0.1,1.7,0.73,0.97,3.9,0.3,0.2,0.0,0.2,0.0,0.1,0.0
Afturelding,Sölvi Þór Daníelsson,umfa,3,0.0,0,0.00,0.00,0.0,0,0.0,0.0,0.0,0,0.0,0.0,0,0,0,0.0,0.0,0.0,0.0,0.0,0.0,0.0
Afturelding,Andri Freyr Friðriksson,umfa,9,1.1,83.3,0.85,+0.26,0.0,0,0.0,0.0,0.0,0,0.1,0.0,0,0,1.1,0.1,0.0,0.0,0.0,0.0,0.1,0.0
Afturelding,Harri Halldórsson,umfa,25,3.8,53.0,3.95,-0.11,0.0,0.0,1.0,3.0,4.7,64.4,0.3,1.8,1.73,2.68,6.8,0.4,0.4,0.1,2.8,0.1,0.1,0.0
Valur,Bjarki Snorrason,valur,25,0.1,40.0,0.12,-0.04,0.0,100.0,0.1,0.0,0.0,0,0.0,0.1,0.00,0.50,0.1,0.0,0.0,0.0,0.0,0.0,0.0,0.0
Valur,Gunnar Róbertsson,valur,29,5.3,62.6,5.36,-0.05,0.7,73.1,1.2,3.1,4.4,70.5,0.4,1.8,1.75,2.48,8.4,0.3,1.2,0.2,1.4,0.1,0.2,0.0
IR,Örn Kolur Kjartansson,ir,18,0.3,83.3,0.21,+0.07,0.0,0,0.0,0.1,0.1,100.0,0.0,0.2,0.33,0.33,0.4,0.1,0.1,0.0,0.2,0.0,0.1,0.0
FH,Brynjar Narfi Arndal,fh,32,0.7,57.9,0.77,-0.08,0.0,0,0.1,0.3,0.4,76.9,0.1,0.2,1.67,2.17,1,0.0,0.1,0.0,0.0,0.0,0.0,0.0
FH,Ómar Darri Sigurgeirsson,fh,32,4.9,58.6,4.62,+0.29,0.0,0,0.5,2.1,2.8,74.7,0.2,1.7,1.24,1.65,7,0.5,0.4,0.2,1.4,0.0,0.2,0.0
Fram,Kristófer Tómas Gíslason,fram,13,0.4,100.0,0.27,+0.11,0.0,0,0.0,0.2,0.2,100.0,0.0,0.2,1.00,1.00,0.6,0.0,0.0,0.2,1.3,0.0,0.6,0.1
IR,Nathan Doku Helgi Asare,ir,22,0.8,62.1,0.91,-0.10,0.0,0,0.3,0.1,0.1,100.0,0.0,0.3,0.50,0.50,0.9,0.2,0.4,0.2,3.3,0.1,0.5,0.0
IR,Nökkvi Blær Hafþórsson,ir,9,0.0,0.0,0.07,-0.07,0.0,0,0.0,0.0,0.0,0,0.0,0.0,0,0,0,0.0,0.0,0.0,0.0,0.0,0.0,0.0
IR,Hjálmtýr Daníel S. Björnsson,ir,1,0.0,0,0.00,0.00,0.0,0,0.0,0.0,0.0,0,0.0,0.0,0,0,0,0.0,0.0,0.0,0.0,0.0,0.0,0.0
IR,Ísar Tumi Gíslason,ir,12,0.0,0.0,0.05,-0.05,0.0,0,0.0,0.0,0.0,0,0.0,0.0,0,0,0,0.0,0.0,0.0,0.0,0.0,0.0,0.0
Valur,Dagur Ármannsson,valur,1,0.0,0,0.00,0.00,0.0,0,0.0,0.0,0.0,0,0.0,0.0,0,0,0,0.0,0.0,0.0,0.0,0.0,0.0,0.0
FH,Garðar Ingi Sindrason,fh,33,5.1,59.4,5.03,+0.06,0.7,72.7,1.0,5.1,6.8,75.3,0.8,2.4,2.15,2.86,10.2,0.6,0.5,0.1,1.0,0.0,0.2,0.0
FH,Ingvar Dagur Gunnarsson,fh,33,0.4,80.0,0.33,+0.03,0.0,0,0.0,0.2,0.2,88.9,0.0,0.2,1.14,1.29,0.6,0.4,1.0,1.0,6.4,0.1,0.5,0.0
FH,Axel Þór Sigurþórsson,fh,1,0.0,0,0.00,0.00,0.0,0,0.0,0.0,0.0,0,0.0,0.0,0,0,0,0.0,0.0,0.0,0.0,0.0,0.0,0.0
IR,Bernard Kristján Owusu Darkoh,ir,22,6.5,58.0,6.87,-0.42,0.0,0,1.7,1.6,2.3,68.6,0.2,2.5,0.63,0.91,8.1,0.3,0.5,0.0,0.5,0.0,0.1,0.0
IR,Patrekur Smári Arnarsson,ir,22,0.7,83.3,0.54,+0.14,0.0,0,0.4,0.1,0.1,100.0,0.0,0.5,0.17,0.17,0.8,0.2,0.0,0.1,1.1,0.0,0.2,0.0
Stjarnan,Róbert Orri Arason,stjarnan,11,0.5,42.9,0.74,-0.19,0.2,100.0,0.2,0.2,0.5,40.0,0.0,0.2,1.00,2.50,0.7,0.0,0.0,0.0,0.1,0.0,0.3,0.0
KA,Aron Daði Stefánsson,ka,26,0.3,47.4,0.42,-0.07,0.0,100.0,0.0,0.2,0.3,57.1,0.2,0.2,1.00,1.75,0.5,0.0,0.0,0.0,0.0,0.0,0.0,0.0
KA,Leó Friðriksson,ka,6,0.0,0.0,0.08,-0.08,0.0,0,0.0,0.0,0.0,0,0.0,0.2,0.00,0.00,0,0.0,0.0,0.0,0.0,0.0,0.0,0.0
Thor,Guðmundur Hlífar Jóhannesson,player_images\thor,11,0.1,33.3,0.18,-0.09,0.0,0,0.0,0.0,0.0,0,0.0,0.0,0,0,0.1,0.1,0.0,0.0,0.0,0.0,0.0,0.0
Haukar,Gústaf Logi Gunnarsson,haukar,1,0.0,0,0.00,0.00,0.0,0,0.0,0.0,0.0,0,0.0,0.0,0,0,0,0.0,0.0,0.0,0.0,0.0,0.0,0.0
Valur,Logi Finnsson,valur,20,0.4,63.6,0.39,-0.04,0.0,0,0.0,0.0,0.1,0.0,0.0,0.2,0.00,0.33,0.4,0.1,0.1,0.0,0.0,0.0,0.0,0.0
IBV,Einar Bent Bjarnason,ibv,1,0.0,0,0.00,0.00,0.0,0,0.0,0.0,0.0,0,0.0,0.0,0,0,0,0.0,0.0,0.0,0.0,0.0,0.0,0.0
HK,Mikael Máni Weisshappel Jónsson,hk,16,0.1,100.0,0.04,+0.02,0.0,0,0.0,0.0,0.0,0,0.0,0.0,0,0,0.1,0.0,0.0,0.0,0.0,0.0,0.0,0.0
HK,Styrmir Hugi Sigurðarson,hk,20,0.3,55.6,0.30,-0.05,0.0,0,0.1,0.2,0.3,75.0,0.0,0.1,3.00,4.00,0.5,0.0,0.1,0.0,0.1,0.0,0.0,0.0
Thor,Þormar Sigurðsson,player_images\thor,22,1.1,54.5,1.24,-0.15,0.0,0,0.1,0.0,0.0,0,0.0,0.2,0.00,0.00,1.1,0.0,0.0,0.0,0.2,0.0,0.1,0.0
FH,Daníel Breki Þorsteinsson,fh,2,0.0,0,0.00,0.00,0.0,0,0.0,0.0,0.0,0,0.0,0.0,0,0,0,0.0,0.0,0.0,0.0,0.0,0.0,0.0
Stjarnan,Aron Valur Gunnlaugsson,stjarnan,12,0.2,66.7,0.16,+0.01,0.0,0,0.0,0.3,0.3,100.0,0.0,0.2,1.50,1.50,0.5,0.0,0.0,0.0,0.0,0.0,0.1,0.0
Afturelding,Brynjar Búi Davíðsson,umfa,21,0.2,62.5,0.24,0.00,0.0,0,0.0,0.1,0.1,100.0,0.0,0.0,3.00,3.00,0.3,0.0,0.0,0.0,0.0,0.0,0.0,0.0
HK,Orfeus Andreou,hk,9,2.4,61.1,2.41,+0.03,0.0,0,0.2,0.1,0.1,100.0,0.0,0.3,0.33,0.33,2.5,0.6,0.0,0.0,0.6,0.0,0.0,0.0
IR,Jökull Blöndal Björnsson,ir,21,5.8,52.4,5.55,+0.26,0.7,93.8,0.4,1.7,2.4,72.0,0.1,1.2,1.38,1.92,7.5,0.4,0.3,0.3,3.8,0.0,0.5,0.1
IR,Baldur Fritz Bjarnason,ir,19,8.5,60.9,8.39,+0.13,3.2,84.7,0.3,3.5,5.7,61.1,1.1,3.9,0.88,1.44,12,0.5,0.5,0.0,0.1,0.0,0.1,0.1
IR,Bjartur Fritz Bjarnason,ir,3,0.3,50.0,0.47,-0.14,0.0,0.0,0.0,0.0,0.0,0,0.3,0.0,0,0,0.3,0.0,0.0,0.0,0.0,0.0,0.0,0.0
Fram,Alex Unnar Hallgrímsson,fram,2,0.5,33.3,1.00,-0.50,0.0,0,0.0,0.0,0.0,0,0.0,0.0,0,0,0.5,0.5,0.0,0.0,0.0,0.0,0.5,0.0
IR,Sveinn Rúnar Sveinsson,ir,1,0.0,0,0.00,0.00,0.0,0,0.0,0.0,0.0,0,0.0,0.0,0,0,0,0.0,0.0,0.0,0.0,0.0,0.0,0.0
KA,Smári Steinn Ágústsson,ka,7,0.1,50.0,0.20,-0.05,0.0,0,0.0,0.0,0.0,0,0.0,0.0,0,0,0.1,0.1,0.1,0.0,0.0,0.0,0.0,0.0
Valur,Allan Norðberg,valur,32,2.1,65.4,2.14,-0.01,0.0,50.0,0.3,0.7,0.9,82.1,0.1,0.5,1.44,1.75,2.8,0.3,0.2,0.1,3.4,0.1,0.5,0.0
Selfoss,Alvaro Mallols Fernandez,selfoss,15,0.4,27.3,0.74,-0.34,0.0,0,0.1,0.3,0.4,83.3,0.1,0.5,0.71,0.86,0.7,0.0,0.1,0.0,0.9,0.1,0.1,0.0
Fram,Steinar Már Einarsson Clausen,fram,1,0.0,0,0.00,0.00,0.0,0,0.0,0.0,0.0,0,0.0,1.0,0.00,0.00,0,0.0,0.0,0.0,0.0,0.0,0.0,0.0
Stjarnan,Jóhannes Bjorgvin,stjarnan,9,1.8,100.0,1.21,+0.57,0.0,0,0.0,0.1,0.1,100.0,0.0,0.1,1.00,1.00,1.9,0.2,0.0,0.0,0.3,0.0,0.0,0.0
Valur,Bjarni í Selvindi,valur,2,2.0,66.7,2.05,-0.05,0.0,0,1.5,0.0,1.0,0.0,1.0,1.0,0.00,1.00,2,0.0,0.0,0.0,0.0,0.0,0.5,0.0
Afturelding,Sveinur Olafsson,umfa,21,1.1,72.7,0.96,+0.18,0.0,0,0.3,1.0,1.2,80.0,0.1,0.5,2.00,2.50,2.1,0.1,0.1,0.0,1.7,0.0,0.0,0.0
FH,Bjarki Jóhannsson,fh,21,0.4,60.0,0.38,+0.05,0.0,0,0.1,0.4,0.5,80.0,0.0,0.4,0.89,1.11,0.8,0.0,0.0,0.0,0.3,0.0,0.1,0.0
Stjarnan,Barnabás Rea,stjarnan,12,1.2,40.0,1.18,-0.01,0.0,0,0.3,2.3,2.7,84.4,0.1,1.4,1.59,1.88,3.5,0.2,0.1,0.0,0.5,0.0,0.1,0.1
FH,Chaouachi Mohamed Khalil,fh,10,0.2,100.0,0.14,+0.06,0.0,0,0.0,0.0,0.0,0,0.0,0.0,0,0,0.2,0.1,0.0,0.0,0.4,0.0,0.7,0.1
Fram,Torfi Geir Halldórsson,fram,11,0.1,25.0,0.19,-0.10,0.0,0,0.1,0.0,0.0,0,0.0,0.0,0,0,0.1,0.2,0.3,0.2,2.0,0.1,0.5,0.1
KA,Ingvar Heiðmann Birgisson,ka,1,0.0,0,0.00,0.00,0.0,0,0.0,0.0,0.0,0,0.0,0.0,0,0,0,0.0,0.0,0.0,0.0,0.0,0.0,0.0
Afturelding,Oscar Sven Leithoff Lykke,umfa,23,4.1,56.0,4.29,-0.20,0.6,63.6,0.5,2.3,3.2,72.2,0.4,1.3,1.68,2.32,6.4,0.3,0.3,0.1,2.3,0.0,0.2,0.0
KA,Giorgi Arvelodi Dikhaminjia,ka,22,5.0,60.2,5.13,-0.18,0.0,0.0,0.0,0.1,0.3,42.9,0.1,0.4,0.33,0.78,5.1,0.8,0.4,0.0,0.9,0.0,0.5,0.0
KA,Morten Linder,ka,22,4.3,77.0,4.04,+0.23,0.7,78.9,0.5,3.0,4.2,71.7,0.3,1.9,1.61,2.24,7.3,0.3,0.4,0.0,0.1,0.0,0.2,0.0
IR,Atli Kolbeinn Siggeirsson,ir,4,0.3,100.0,0.15,+0.10,0.0,0,0.0,0.0,0.0,0,0.0,0.0,0,0,0.3,0.0,0.0,0.0,0.0,0.0,0.0,0.0
Thor,Igor Chiseliov,player_images\thor,21,1.4,47.5,1.44,-0.06,0.0,50.0,0.0,0.3,0.6,50.0,0.0,0.2,1.20,2.40,1.7,0.1,0.0,0.1,0.2,0.0,0.0,0.0
Valur,Bjarni I Selvindi,valur,22,3.6,64.0,3.57,+0.07,0.0,0,1.1,2.0,2.5,78.6,0.2,1.3,1.52,1.93,5.6,0.1,0.1,0.0,0.5,0.0,0.1,0.0
